"name","folder","found","appid","steamUrl","title","description","release","developer","publisher","tags","image","error"
"Age of conquest IV","D:\CWP\clockworksproduction.github.io\docs\asset\Game\Age of conquest IV","True","314970","https://store.steampowered.com/app/314970/","Age of Conquest IV on Steam","Age of Conquest is a turn-based grand strategy wargame.","5 Apr, 2016","Noble Master LLC","Noble Master LLC","Free to Play, Strategy, Turn-Based Strategy, War, Multiplayer, Indie","True",
"Air Brawl","D:\CWP\clockworksproduction.github.io\docs\asset\Game\Air Brawl","True","375600","https://store.steampowered.com/app/375600/","Air Brawl on Steam","A fast paced multiplayer dogfighting game that focuses on creative weapons and game mechanics that reward skillful flying.","2 Jun, 2015","Landfall","Landfall","Action, Flight, Indie, Multiplayer, Free to Play, Fast-Paced","True",
"Albion online","D:\CWP\clockworksproduction.github.io\docs\asset\Game\Albion online","True","761890","https://store.steampowered.com/app/761890/","Albion Online on Steam","Albion Online is a fantasy sandbox MMORPG featuring a player-driven economy, classless combat system, and intense PvP battles. Explore a vast open world full of danger and opportunity. Grow your wealth, forge alliances, and leave your mark on the world of Albion.","17 Jul, 2017","Sandbox Interactive GmbH","Sandbox Interactive GmbH","MMORPG, Free to Play, Open World, Massively Multiplayer, Sandbox, RPG","True",
"Alchemy Unbound","D:\CWP\clockworksproduction.github.io\docs\asset\Game\Alchemy Unbound","True","2858840","https://store.steampowered.com/app/2858840/","Alchemy Unbound on Steam","A drag and drop crafting game that offers unbound possibilities. No limits, no direction, just pure creativity and endless crafting.","4 Jul, 2024","KlutzyBubbles","KlutzyBubbles","Simulation, Strategy, God Game, Life Sim, Point &amp; Click, Free to Play","True",
"Ampersat","D:\CWP\clockworksproduction.github.io\docs\asset\Game\Ampersat","True","1356040","https://store.steampowered.com/app/1356040/","Ampersat on Steam","A shooty, slashy, RPG-y game mixing retro and modern sensibilities. A blend of influences from Gauntlet &amp;amp; Smash TV to Zelda &amp;amp; Angband, Ampersat is a handcrafted adventure but with appeal to Roguelite fans. Battle ASCII creatures in colorful areas &amp;amp; free letters to return language to the village!","6 May, 2022","Gaterooze, Ink","Gaterooze, Ink","Action RPG, CRPG, Procedural Generation, Roguelite, Dungeon Crawler, Hack and Slash","True",
"Anchors start","D:\CWP\clockworksproduction.github.io\docs\asset\Game\Anchors start","True","3884830","https://store.steampowered.com/app/3884830/","Astroneer: Megatech on Steam","Planetary adventures are getting bigger and more connected than ever. ASTRONEER: Megatech is Astroneer on a grand new scale.","20 Nov, 2025","System Era Softworks","System Era Softworks","Adventure, Indie, Space, Base Building, Automation","False",
"Aplovare collection","D:\CWP\clockworksproduction.github.io\docs\asset\Game\Aplovare collection","False",,,,,,,,,"False",
"Astral party","D:\CWP\clockworksproduction.github.io\docs\asset\Game\Astral party","True","2622000","https://store.steampowered.com/app/2622000/","Astral Party  on Steam","Astral Party is a multiplayer party game populated by cute anime girls! Choose your favorite character, strategize skills &amp;amp; cards, and roll the dice to destroy friendships in this unique board game.","28 Feb, 2024","STAR ENGINE PROJECT","Neverland Entertainment","Sexual Content, Hentai, Anime, Free to Play, Board Game, Multiplayer","True",
"ASTRONEER","D:\CWP\clockworksproduction.github.io\docs\asset\Game\ASTRONEER","True","361420","https://store.steampowered.com/app/361420/","Save 70% on ASTRONEER on Steam","Interact with strange new worlds in a unique and tactile way, molding the environment itself as if it were clay in your hands. Build your base, master resource management, automate your production lines, and more as you unravel the mysteries of the universe, alone or with friends.","16 Dec, 2016","System Era Softworks","System Era Softworks","Multiplayer, Open World Survival Craft, Open World, Survival, Space, Exploration","True",
"Atlyss","D:\CWP\clockworksproduction.github.io\docs\asset\Game\Atlyss","True","2768430","https://store.steampowered.com/app/2768430/","Save 45% on ATLYSS on Steam","Enter the world of ATLYSS, a Singleplayer/Online RPG where you can fight with or against friends in a surreal world filled with creatures beyond comprehension. Customize and progress your character(s), complete quests, and discover strange locations.","22 Nov, 2024","Kiseff","KisSoft","Action RPG, RPG, Character Customization, Sexual Content, Cute, Adventure","True",
"AWARIA","D:\CWP\clockworksproduction.github.io\docs\asset\Game\AWARIA","True","3274300","https://store.steampowered.com/app/3274300/","Awaria on Steam","Awaria is a short game about working in haunted maintenance tunnels.","16 Dec, 2024","vanripper","vanripper","Cute, Free to Play, Bullet Hell, LGBTQ+, Action, 2D","True",
"Balatro","D:\CWP\clockworksproduction.github.io\docs\asset\Game\Balatro","True","2379780","https://store.steampowered.com/app/2379780/","Balatro on Steam","The poker roguelike. Balatro is a hypnotically satisfying deckbuilder where you play illegal poker hands, discover game-changing jokers, and trigger adrenaline-pumping, outrageous combos.","20 Feb, 2024","LocalThunk","Playstack","Card Game, Roguelike, Roguelike Deckbuilder, Deckbuilding, Singleplayer, Strategy","True",
"Besiege","D:\CWP\clockworksproduction.github.io\docs\asset\Game\Besiege","True","346010","https://store.steampowered.com/app/346010/","Besiege on Steam","Besiege is a physics building game about constructing mechanical machines to annihilate armies, obliterate castles and overcome challenging obstacles. Conquer the campaign or skirmish with friends in Multiplayer!","18 Feb, 2020","Spiderling Studios","Spiderling Studios","Simulation, Sandbox, Physics, Destruction, Medieval, Building","True",
"bitburner","D:\CWP\clockworksproduction.github.io\docs\asset\Game\bitburner","True","1812820","https://store.steampowered.com/app/1812820/","Bitburner on Steam","Bitburner is a programming-based incremental game. Write scripts in JavaScript to automate gameplay, learn skills, play minigames, solve puzzles, and more in this cyberpunk text-based incremental RPG.","10 Dec, 2021","Fulcrum Games","Fulcrum Games","Programming, Idler, Hacking, Automation, Free to Play, Text-Based","True",
"Black desert","D:\CWP\clockworksproduction.github.io\docs\asset\Game\Black desert","True","582660","https://store.steampowered.com/app/582660/","Save 70% on Black Desert on Steam","Played by over 20 million Adventurers - Black Desert Online is an open-world, action MMORPG. Experience intense, action-packed combat, battle massive world bosses, fight alongside friends to siege and conquer castles, and train in professions such as fishing, trading, crafting, cooking, and more!","5 Sep, 2023","Pearl Abyss","Pearl Abyss","Sandbox, Action RPG, Exploration, MMORPG, War, Crafting","True",
"Black skyland","D:\CWP\clockworksproduction.github.io\docs\asset\Game\Black skyland","True","1799480","https://store.steampowered.com/app/1799480/","Black Skylands Supporter Pack on Steam","Support the development and get unique skins for the in-game tablet and your companion.","29 Oct, 2021","Hungry Couch Games","tinyBuild","Action, Adventure, RPG, Indie, Early Access","True",
"Blasterbeat","D:\CWP\clockworksproduction.github.io\docs\asset\Game\Blasterbeat","True","1575680","https://store.steampowered.com/app/1575680/","BlasterBeat on Steam","BlasterBeat is the award-winning PvP rhythm-shooter. Master shooting to a unique variety of tracks in dynamic and innovative gameplay in arenas that shine on the beat.","9 Jun, 2023","Muted Games","Muted Games","Action, Rhythm, Shooter, Music, Score Attack, Multiplayer","True",
"bloody hell","D:\CWP\clockworksproduction.github.io\docs\asset\Game\bloody hell","True","2056220","https://store.steampowered.com/app/2056220/","Bloody Hell on Steam","A short but sweet game about an Angel on a Bloody Bullet-hell mission to kill Satan! Dash, Double Dash, Grapple &amp;amp; Blast your way through Hell to fulfill your Holy Mission. Will you be able to kill Satan? Or will you fail to master your abilities and DIE in this BLOODY HELL?","27 Jan, 2023","Pun Intended","Pun Intended","Bullet Hell, Metroidvania, Pixel Graphics, Indie, Twin Stick Shooter, Singleplayer","True",
"Boardland","D:\CWP\clockworksproduction.github.io\docs\asset\Game\Boardland","True","2735620","https://store.steampowered.com/app/2735620/","BoardLand on Steam","BoardLand is a turn-based strategy board game where you use the numbers rolled by dice to grow your own board and battle monsters.","10 Jan, 2024","High Fish","Jungle Game Lab","Strategy, Board Game, Turn-Based Combat, Strategy RPG, Turn-Based Strategy, Tabletop","True",
"Borderland 2","D:\CWP\clockworksproduction.github.io\docs\asset\Game\Borderland 2","True","2592160","https://store.steampowered.com/app/2592160/","Dispatch on Steam","Dispatch is a superhero workplace comedy where choices matter. Manage a dysfunctional team of misfit heroes and strategize who to send to emergencies around the city, all while balancing office politics, personal relationships, and your own quest to become a hero. All episodes out now!","22 Oct, 2025","AdHoc Studio","AdHoc Studio","Choices Matter, Story Rich, Sexual Content, Superhero, Nudity, Singleplayer","True",
"bronzebeard's tarven","D:\CWP\clockworksproduction.github.io\docs\asset\Game\bronzebeard's tarven","False",,,,,,,,,"False",
"Buckshot Roulette","D:\CWP\clockworksproduction.github.io\docs\asset\Game\Buckshot Roulette","True","2835570","https://store.steampowered.com/app/2835570/","Buckshot Roulette on Steam","Play Russian roulette with a 12-gauge shotgun. Four enter. One leaves. Roll the dice with your life. Good luck!","4 Apr, 2024","Mike Klubnika","CRITICAL REFLEX","Multiplayer, Dark, Gambling, Horror, First-Person, Strategy","True",
"Call of War","D:\CWP\clockworksproduction.github.io\docs\asset\Game\Call of War","True","815351","https://store.steampowered.com/app/815351/","Call of War: 23.000 Gold on Steam","Gold is the premium currency in Call of War, it can be used to obtain various special features. Gold can be used in various places in the game directly: it allows you to research and construct faster, decrease enemy morale, start a propaganda campaign to raise your own troops morale and more.","9 Apr, 2018","Bytro Labs GmbH",,"Strategy, Massively Multiplayer, Simulation, Free to Play","True",
"Cast & spell","D:\CWP\clockworksproduction.github.io\docs\asset\Game\Cast & spell","True","3032020","https://store.steampowered.com/app/3032020/","Cast &amp; Spell on Steam","Cast &amp;amp; Spell is an action-packed multiplayer game where wizards battle using elemental magic. Fight in PvP duels or team up with friends in co-op modes to defeat monsters. Master different elements and enjoy intense, strategic combat across various game modes.","28 Jun, 2025","Hosthood Studio","Hosthood Studio","Action, Adventure, Magic, PvP, Shooter, Medieval","True",
"Cave crawer","D:\CWP\clockworksproduction.github.io\docs\asset\Game\Cave crawer","False",,,,,,,,,"False",
"cell to singuality","D:\CWP\clockworksproduction.github.io\docs\asset\Game\cell to singuality","False",,,,,,,,,"False",
"chamber the outlaw","D:\CWP\clockworksproduction.github.io\docs\asset\Game\chamber the outlaw","True","2691350","https://store.steampowered.com/app/2691350/",".Forty-Five on Steam","A perfect mix of card game, rogue-lite, and pure wild west mayhem. Explore an ever-changing map, collect cards, and battle enemies. Cards are Bullets and are loaded into the revolver to gun down enemies. Experience .Forty-Five's innovative gameplay for free!","24 Mar, 2024","Microwave Studios","Microwave Studios","Roguelike Deckbuilder, Western, Free to Play, Card Game, Roguelite, Roguelike","True",
"cityidel","D:\CWP\clockworksproduction.github.io\docs\asset\Game\cityidel","False",,,,,,,,,"False",
"cividel","D:\CWP\clockworksproduction.github.io\docs\asset\Game\cividel","False",,,,,,,,,"False",
"CoD(2022)","D:\CWP\clockworksproduction.github.io\docs\asset\Game\CoD(2022)","False",,,,,,,,,"False",
"content warning","D:\CWP\clockworksproduction.github.io\docs\asset\Game\content warning","True","2881650","https://store.steampowered.com/app/2881650/","Content Warning on Steam","Film your friends doing scary things to become SpöökTube famous! (strongly advised to not go alone)","1 Apr, 2024","Wilnyl","Landfall","Procedural Generation, Horror, Online Co-Op, Exploration, Action Roguelike, Physics","True",
"cookard","D:\CWP\clockworksproduction.github.io\docs\asset\Game\cookard","True","2919650","https://store.steampowered.com/app/2919650/","Cookard on Steam","Cookard is a cooking game where you run a restaurant by stacking cards to prepare and serve dishes to customers.","10 May, 2024","Panitia GameDev","Panitia GameDev","Card Game, Free to Play, Cooking, Resource Management, Crafting, Automation","True",
"craterbound","D:\CWP\clockworksproduction.github.io\docs\asset\Game\craterbound","True","1715750","https://store.steampowered.com/app/1715750/","Craterbound on Steam","Crash-land onto a unique and hostile alien world and begin your fight to survive. Face its inhabitants, upgrade your technology, create outposts &amp;amp; bases, and find a way to repair your ship. Explore the beautifully strange terrain, all while blasting and crafting your way off of the planet.","15 Jun, 2022","Daniel Marquez","Daniel Marquez","Open World Survival Craft, Survival, Open World, Space, Exploration, Combat","True",
"crossout","D:\CWP\clockworksproduction.github.io\docs\asset\Game\crossout","True","386180","https://store.steampowered.com/app/386180/","Crossout on Steam","Crossout - the postapocalyptic MMO action game where you can create a unique design for an armoured vehicle from dozens of parts and then drive it into multiplayer battles raging on land and in the skies alike.","26 Jul, 2017","Targem Games","Gaijin Network Ltd","Third Person, Gun Customization, Vehicular Combat, Free to Play, Action, Crafting","True",
"crusader king II","D:\CWP\clockworksproduction.github.io\docs\asset\Game\crusader king II","True","3024040","https://store.steampowered.com/app/3024040/","Stronghold Crusader: Definitive Edition on Steam","Gird your loins and sharpen your steel! Besiege 20 unique enemy lords and battle friends online, in this expanded remaster of the classic 'castle sim'. Relive history with new units, opponents, visuals, audio, campaigns, skirmish trails, co-op and larger maps.","15 Jul, 2025","Firefly Studios","Firefly Studios","Strategy, Real Time Tactics, City Builder, Colony Sim, Medieval, Sandbox","True",
"CS2","D:\CWP\clockworksproduction.github.io\docs\asset\Game\CS2","True","730","https://store.steampowered.com/app/730/","Counter-Strike 2 on Steam","For over two decades, Counter-Strike has offered an elite competitive experience, one shaped by millions of players from across the globe. And now the next chapter in the CS story is about to begin. This is Counter-Strike 2.","21 Aug, 2012","Valve","Valve","FPS, Shooter, Multiplayer, Competitive, Action, Team-Based","True",
"Cureocity","D:\CWP\clockworksproduction.github.io\docs\asset\Game\Cureocity","True","2612680","https://store.steampowered.com/app/2612680/","Cureocity on Steam","“People think battles need powerful weapons, but strategy at hand is key.&amp;quot;The story follows a rookie adventurer and a new healer in a dungeon quest, with the core gameplay involving hand-picked methods using weapons and items. Fight or purify? Heal or alter? The choice is in your hands.","21 Mar, 2024","Bread On Board","GCORES PUBLISHING","Indie, Cute, Adventure, Puzzle, Hand-drawn, Female Protagonist","True",
"Dark and Darker","D:\CWP\clockworksproduction.github.io\docs\asset\Game\Dark and Darker","True","2016590","https://store.steampowered.com/app/2016590/","Dark and Darker on Steam","An unforgiving hardcore fantasy FPS dungeon PvPvE adventure. Band together with your friends and use your courage, wits, and cunning to uncover mythical treasures, defeat gruesome monsters, while staying one step ahead of the other devious treasure-hunters.",,,,,"True",
"Dark lord","D:\CWP\clockworksproduction.github.io\docs\asset\Game\Dark lord","True","3464630","https://store.steampowered.com/app/3464630/","Sign In",,,,,,"True",
"DCS","D:\CWP\clockworksproduction.github.io\docs\asset\Game\DCS","True","223750","https://store.steampowered.com/app/223750/","DCS World Steam Edition on Steam","Feel the excitement of flying the Su-25T &amp;quot;Frogfoot&amp;quot; attack jet and the TF-51D &amp;quot;Mustang&amp;quot; in the free-to-play Digital Combat Simulator World!","18 Mar, 2018","Eagle Dynamics SA","Eagle Dynamics SA","Simulation, Flight, Free to Play, Military, Multiplayer, Realistic","True",
"Deepest sword","D:\CWP\clockworksproduction.github.io\docs\asset\Game\Deepest sword","True","1647160","https://store.steampowered.com/app/1647160/","Deepest Sword on Steam","Venture deep into the Cavern of Longing in this short-yet-challenging physics platformer. Plunge your sword deep into the dragon's heart! How deep is your resolve?","9 Jun, 2021","Cosmic Adventure Squad","Cosmic Adventure Squad","Pixel Graphics, 2D Platformer, Side Scroller, Puzzle Platformer, Platformer, 2D","True",
"Desserted Island","D:\CWP\clockworksproduction.github.io\docs\asset\Game\Desserted Island","True","1597580","https://store.steampowered.com/app/1597580/","Save 90% on Clid The Snail on Steam","A quirky top-down shooter about a grumpy, humanoid snail armed to the radula! Experience a dark fantasy fable and explore an unforgiving miniature world to exterminate the slug plague with an arsenal of badass weapons… and a unique set of snaily skills.","15 Dec, 2021","Weird Beluga Studio S.L.","PLAION","Action, Adventure, Shooter, Top-Down Shooter, 3D, Third Person","True",
"Disfigure","D:\CWP\clockworksproduction.github.io\docs\asset\Game\Disfigure","True","2083160","https://store.steampowered.com/app/2083160/","Disfigure on Steam","Disfigure is a top-down shooter rogue-like in which you fight countless grotesque creatures shrouded in darkness. Choose from a variety of weapons and over a hundred upgrades to create unique builds each run and survive.","26 Jul, 2023","Cold Brew Entertainment","Cold Brew Entertainment","Action Roguelike, Bullet Hell, 2D, Top-Down Shooter, Twin Stick Shooter, Arena Shooter","True",
"DnD online","D:\CWP\clockworksproduction.github.io\docs\asset\Game\DnD online","True","1866980","https://store.steampowered.com/app/1866980/","Worlds of Aria on Steam","Lead your own DnD-like adventuring party on an epic adventure narrated by Laura Bailey. Invite your friends for free to the group with the Friends Pass, or strike out on your own. Cooperation, betrayal, and the luck of the dice… what wild escapades will you and your teammates get up to?","24 Sep, 2024","Ludogram","Ishtar Games","Co-op, Local Multiplayer, Singleplayer, Magic, Comedy, Party-Based RPG","True",
"Dominion","D:\CWP\clockworksproduction.github.io\docs\asset\Game\Dominion","True","1131620","https://store.steampowered.com/app/1131620/","Dominion on Steam","Expand a small kingdom to a mighty Dominion! Play the Spiel des Jahres winning boardgame beloved by millions around the world. Discover the game that defined a genre, Dominion was first to popularize deck-building and remains a staple of tabletop. This is the officially licensed implementation.","1 Feb, 2024","Temple Gates Games","Temple Gates Games","Deckbuilding, Card Game, Board Game, Medieval, Tabletop, Strategy","True",
"Don't starve together","D:\CWP\clockworksproduction.github.io\docs\asset\Game\Don't starve together","True","322330","https://store.steampowered.com/app/322330/","Don't Starve Together on Steam","Fight, Farm, Build and Explore Together in the standalone multiplayer expansion to the uncompromising wilderness survival game, Don't Starve.","21 Apr, 2016","Klei Entertainment","Klei Entertainment","Survival, Open World Survival Craft, Multiplayer, Co-op, Open World, Adventure","True",
"Doom (1 +2)","D:\CWP\clockworksproduction.github.io\docs\asset\Game\Doom (1 +2)","True","782330","https://store.steampowered.com/app/782330/","Save 75% on DOOM Eternal on Steam","Hell’s armies have invaded Earth. Become the Slayer in an epic single-player campaign to conquer demons across dimensions and stop the final destruction of humanity. The only thing they fear... is you.",,,,,"True",
"Doronko wanko","D:\CWP\clockworksproduction.github.io\docs\asset\Game\Doronko wanko","True","2512840","https://store.steampowered.com/app/2512840/","DORONKO WANKO on Steam","『DORONKO WANKO』 is a DORONKO Action Game. In this game, You can become a cute, innocent Pomeranian, make your master's home messy and dirty. &amp;quot;Will the master be angry with me?&amp;quot; Don't worry. Because you are a sweet doggie.","26 Mar, 2024","Bandai Namco Studios Inc.","Phoenixx Inc.","Dog, Free to Play, Cute, Casual, Relaxing, Simulation","True",
"dreadmoon","D:\CWP\clockworksproduction.github.io\docs\asset\Game\dreadmoon","True","1881040","https://store.steampowered.com/app/1881040/","DreadMoon on Steam","Take the form of a powerful werewolf and right the wrongs your people made to free the land from the vampire lord Balthazar’s deadly clutches.","12 Dec, 2023","FatalFox Studios LLC","FatalFox Studios LLC","Early Access, Boomer Shooter, Fast-Paced, FPS, Blood, Singleplayer","True",
"Dream BBQ","D:\CWP\clockworksproduction.github.io\docs\asset\Game\Dream BBQ","True","2134320","https://store.steampowered.com/app/2134320/","ENA: Dream BBQ on Steam","Experience surreal environments and inexplicable characters as ENA in a new wild world.","26 Mar, 2025","ENA Team","Joel G","Surreal, Adventure, Singleplayer, Exploration, Stylized, First-Person","True",
"Eden Crafter","D:\CWP\clockworksproduction.github.io\docs\asset\Game\Eden Crafter","True","2570210","https://store.steampowered.com/app/2570210/","Eden Crafters on Steam","Embark on a journey of survival, crafting, and automation in Eden Crafters, a solo and co-op open-world game that challenges you to turn a hostile planet into a habitable haven for humanity. Temper the climate, create a breathable atmosphere, and turn toxic lakes into water: shape a new world!","16 Oct, 2024","Osaris Games","Osaris Games","Early Access, Open World Survival Craft, Automation, Base Building, Crafting, Sandbox","True",
"endless sky","D:\CWP\clockworksproduction.github.io\docs\asset\Game\endless sky","True","404410","https://store.steampowered.com/app/404410/","Endless Sky on Steam","Endless Sky is a 2D space trading and combat game inspired by the classic Escape Velocity series. Work your way up from a relatively wimpy shuttle, cargo ship, or fighter, to a highly upgraded and customized flagship or to a massive fleet of warships or freighters.","30 Oct, 2015","Michael Zahniser","Michael Zahniser","Space, Free to Play, Open World, Sci-fi, Singleplayer, Simulation","True",
"enlisted","D:\CWP\clockworksproduction.github.io\docs\asset\Game\enlisted","True","2051620","https://store.steampowered.com/app/2051620/","Enlisted on Steam","In Enlisted, you are not only commanding a single soldier, but an entire squad! This MMO squad based shooter recreates the key battles of the bloodiest war of the 20th century, with hundreds of soldiers, tanks and aircraft taking part in each battle.","16 Jul, 2024","Darkflow Software","Gaijin Network Ltd","FPS, World War II, Multiplayer, Shooter, PvP, Vehicular Combat","True",
"fallout shelter","D:\CWP\clockworksproduction.github.io\docs\asset\Game\fallout shelter","True","588430","https://store.steampowered.com/app/588430/","Fallout Shelter on Steam","Fallout Shelter puts you in control of a state-of-the-art underground Vault from Vault-Tec. Build the perfect Vault, keep your Dwellers happy, and protect them from the dangers of the Wasteland.","29 Mar, 2017","Bethesda Game Studios","Bethesda Softworks","Free to Play, Base Building, Survival, Post-apocalyptic, Singleplayer, Management","True",
"FANF Ultimate Custom Night","D:\CWP\clockworksproduction.github.io\docs\asset\Game\FANF Ultimate Custom Night","True","2073620","https://store.steampowered.com/app/2073620/","Arena Breakout: Infinite on Steam","Arena Breakout: Infinite is a high-stakes tactical extraction shooter where every decision matters. Fight, loot, and extract—or lose it all. With stunningly realistic visuals, lifelike sound, and unforgiving PvPvE combat, every raid is a gamble between glory and ruin.","15 Sep, 2025","Morefun Studios","Morefun Studios","Free to Play, Extraction Shooter, FPS, Multiplayer, Realistic, Gun Customization","True",
"fantasy general II","D:\CWP\clockworksproduction.github.io\docs\asset\Game\fantasy general II","True","1025440","https://store.steampowered.com/app/1025440/","Fantasy General II on Steam","The fantasy wargaming classic is back! Lead powerful heroes and mighty armies into battle in this critically acclaimed turn-based strategy milestone. Level up and train your units and guide them through a gripping story campaign to decide the fate of a world on the brink of destruction.","5 Sep, 2019","Owned by Gravity","Slitherine Ltd.","Strategy, Turn-Based Strategy, Fantasy, Singleplayer, Turn-Based, Turn-Based Combat","True",
"Field of glory II","D:\CWP\clockworksproduction.github.io\docs\asset\Game\Field of glory II","True","660160","https://store.steampowered.com/app/660160/","Field of Glory II on Steam","Field of Glory II is a turn-based tactical game set during the Rise of Rome from 280 BC to 25 BC.","12 Oct, 2017","Byzantine Games","Slitherine Ltd.","Strategy, Simulation, Turn-Based Strategy, Historical, Wargame, Tabletop","True",
"Fishing online","D:\CWP\clockworksproduction.github.io\docs\asset\Game\Fishing online","True","2131550","https://store.steampowered.com/app/2131550/","Fishing Online on Steam","Begin your new online fishing adventure! Fishing Online is a cooperative adventure game where you explore the world and enjoy fishing with friends. Catch over 300 types of fish, complete your collection, and dive into crafting and cooking activities!","30 Jul, 2025","Braves","Braves","Fishing, Life Sim, Multiplayer, Sports, Massively Multiplayer, Cartoony","True",
"fishing planet","D:\CWP\clockworksproduction.github.io\docs\asset\Game\fishing planet","True","380600","https://store.steampowered.com/app/380600/","Fishing Planet on Steam","Fishing Planet® is a free-to-play and highly realistic first-person online multiplayer fishing simulator. Developed by avid fishing enthusiasts to bring you the full thrill of actual angling on your PC.","11 Aug, 2015","Fishing Planet LLC","Fishing Planet LLC","Fishing, Free to Play, Multiplayer, Simulation, Relaxing, Sports","True",
"FNAF 6","D:\CWP\clockworksproduction.github.io\docs\asset\Game\FNAF 6","True","319510","https://store.steampowered.com/app/319510/","Five Nights at Freddy's on Steam","Welcome to your new summer job at Freddy Fazbear's Pizza, where kids and parents alike come for entertainment and food! The main attraction is Freddy Fazbear, of course; and his two friends. They are animatronic robots, programmed to please the crowds!","18 Aug, 2014","Scott Cawthon","Scott Cawthon","Horror, Singleplayer, Survival Horror, Robots, Psychological Horror, Indie","True",
"FPS Chess","D:\CWP\clockworksproduction.github.io\docs\asset\Game\FPS Chess","True","2021910","https://store.steampowered.com/app/2021910/","FPS Chess on Steam","Battle a friend in this fast paced 1v1 class-based first-person shooter. Chess takes a back-seat to FPS as you win duel after duel and capture the opponent's pieces until you've beaten their king and won the game.","16 Jul, 2022","Meta Fork","DigiPen Institute of Technology","FPS, PvP, Shooter, Free to Play, Multiplayer, Board Game","True",
"Franzen","D:\CWP\clockworksproduction.github.io\docs\asset\Game\Franzen","True","2572340","https://store.steampowered.com/app/2572340/","Franzen on Steam","Franzen is a turn-based RPG set in a dystopian-steampunk world. Explore themes of empathy and politics as Franz and Lefsa Dellia work to uncover the truth of &amp;quot;The Scream&amp;quot;. Meet a cast of colorful characters and fight bizarre creatures in your journey through the world of Branzen!","13 Sep, 2023","Scumhead","Scumhead","RPG, Turn-Based Tactics, JRPG, Steampunk, Lore-Rich, Story Rich","True",
"gate keeper infinity","D:\CWP\clockworksproduction.github.io\docs\asset\Game\gate keeper infinity","False",,,,,,,,,"False",
"Goose Goose duck","D:\CWP\clockworksproduction.github.io\docs\asset\Game\Goose Goose duck","True","1568590","https://store.steampowered.com/app/1568590/","Goose Goose Duck on Steam","Goose Goose Duck is a game of social deduction for up to 16 players. Players are separated into different groups that are each assigned a different objective. Complete your team’s objective to win!","3 Oct, 2021","Gaggle Studios, Inc.","Gaggle Studios, Inc.","Multiplayer, Free to Play, Online Co-Op, Social Deduction, 2D, Indie","True",
"Helltaker","D:\CWP\clockworksproduction.github.io\docs\asset\Game\Helltaker","True","1289310","https://store.steampowered.com/app/1289310/","Helltaker on Steam","Helltaker is a short game about sharply dressed demon girls.","11 May, 2020","vanripper","vanripper","Free to Play, Cute, Puzzle, Demons, Indie, Anime","True",
"Hitman world of assinition","D:\CWP\clockworksproduction.github.io\docs\asset\Game\Hitman world of assinition","False",,,,,,,,,"False",
"Holobreak","D:\CWP\clockworksproduction.github.io\docs\asset\Game\Holobreak","False",,,,,,,,,"False",
"holocure","D:\CWP\clockworksproduction.github.io\docs\asset\Game\holocure","True","2420510","https://store.steampowered.com/app/2420510/","HoloCure - Save the Fans! on Steam","Play as your favorite Vtubers from Hololive! Fight, explore, and clear your way through armies of fans and save them from their mind-control in this unofficial free fan-game.","16 Aug, 2023","KayAnimate","KayAnimate","Pixel Graphics, Anime, Bullet Hell, Action Roguelike, Cute, Roguelite","True",
"idel cave miner","D:\CWP\clockworksproduction.github.io\docs\asset\Game\idel cave miner","False",,,,,,,,,"False",
"idelOn","D:\CWP\clockworksproduction.github.io\docs\asset\Game\idelOn","False",,,,,,,,,"False",
"Idol Showdown","D:\CWP\clockworksproduction.github.io\docs\asset\Game\Idol Showdown","True","1742020","https://store.steampowered.com/app/1742020/","Idol Showdown on Steam","Made by hololive fans, for hololive fans. Idol Showdown is the definitive fan-made hololive fighting game experience, powered by rollback netcode. Engage in exciting duels as your favorite hololive talent and prove once and for all who the strongest idol is using the game’s easy-to-learn controls.","5 May, 2023","Besto Game Team","holo Indie","2D Fighter, Anime, PvP, Action, Arcade, Fighting","True",
"IndustryIdel","D:\CWP\clockworksproduction.github.io\docs\asset\Game\IndustryIdel","False",,,,,,,,,"False",
"Infinitode 2","D:\CWP\clockworksproduction.github.io\docs\asset\Game\Infinitode 2","True","937310","https://store.steampowered.com/app/937310/","Infinitode 2 - Infinite Tower Defense on Steam","Infinitode 2 - a strategy in the Tower Defense genre, in which the player will have to build towers to protect his base from endless waves of enemies. The game features huge maps, lots of towers, resource miners, upgrade tree and map editor.","30 Apr, 2021","Prineside","Prineside","Level Editor, Tower Defense, Building, Real Time Tactics, PvE, Strategy","True",
"Influxis","D:\CWP\clockworksproduction.github.io\docs\asset\Game\Influxis","True","1393830","https://store.steampowered.com/app/1393830/","INFLUXIS on Steam","Explore a mesmerizing alien world, filled with deep bioluminescent wonders and horrors alike. Old alien artefacts await uncovering, in your search for the lost crew of Lazarus, in the search for your family in the depths of planet Eo-III.","1 Sep, 2020","BaleYc Studios","BaleYc Studios","Early Access, Open World, Casual, Survival, Open World Survival Craft, Horror","True",
"instruction","D:\CWP\clockworksproduction.github.io\docs\asset\Game\instruction","True","2774240","https://store.steampowered.com/app/2774240/","Instruction on Steam","Generate voltage while uncovering the mysteries of a power plant in this story-based clicker game.","2 Feb, 2024","Juxtapose","DigiPen Institute of Technology","Casual, Clicker, Idler, 2D, Funny, Pixel Graphics","True",
"islander","D:\CWP\clockworksproduction.github.io\docs\asset\Game\islander","True","715050","https://store.steampowered.com/app/715050/","The Islander on Steam","The Islander is a fast building/farming game set somewhere in an exotic Polynesia. Plant crops, bushes and trees, build livestock pens, but don’t forget to make it look classy by adding various decorations.","13 Feb, 2018","Boxhead Bros.","Boxhead Bros.","Farming Sim, Casual, Indie, Simulation, Clicker, Pixel Graphics","True",
"johney rocketfinger juice galaxy","D:\CWP\clockworksproduction.github.io\docs\asset\Game\johney rocketfinger juice galaxy","False",,,,,,,,,"False",
"Kards","D:\CWP\clockworksproduction.github.io\docs\asset\Game\Kards","True","1471390","https://store.steampowered.com/app/1471390/","Save 90% on KARDS - Starter Pack on Steam","The Starter Pack contains everything you need to start building your own collection! This content requires the base game KARDS on Steam in order to play.","21 Dec, 2020","1939 Games","1939 Games","Indie, Casual, Strategy, Free to Play, Historical, PvP","True",
"Kight fall","D:\CWP\clockworksproduction.github.io\docs\asset\Game\Kight fall","False",,,,,,,,,"False",
"KSP","D:\CWP\clockworksproduction.github.io\docs\asset\Game\KSP","True","982970","https://store.steampowered.com/app/982970/","Kerbal Space Program: Breaking Ground Expansion on Steam","Kerbal Space Program: Breaking Ground Expansion is the second expansion for the PC version of the critically acclaimed space flight simulator, Kerbal Space Program. This feature-rich expansion is focused on increasing the objective possibilities once celestial bodies have been reached by adding more interesting scientific endeavors and...","30 May, 2019","Squad","Private Division","Simulation, Indie, Space, Sandbox, Space Sim, Building","True",
"Learn to fly 3","D:\CWP\clockworksproduction.github.io\docs\asset\Game\Learn to fly 3","True","589870","https://store.steampowered.com/app/589870/","Learn to Fly 3 on Steam","Build your spaceship from scratch, earn funds and invest them into building a bigger, better spaceship as you try and fly your way up to space!","19 Feb, 2016","Light Bringer Games inc.","Light Bringer Games inc.","Free to Play, Casual, Simulation, Physics, Indie, Flight","True",
"Limbus company","D:\CWP\clockworksproduction.github.io\docs\asset\Game\Limbus company","True","1973530","https://store.steampowered.com/app/1973530/","Limbus Company on Steam","As the Executive Manager of Limbus Company, lead your group of twelve Sinners, venture into the buried facilities of Lobotomy Corporation, and lay claim on the Golden Boughs.","26 Feb, 2023","ProjectMoon","ProjectMoon","Story Rich, Lore-Rich, Free to Play, Turn-Based Combat, Turn-Based Tactics, Visual Novel","True",
"Lycanthorn II","D:\CWP\clockworksproduction.github.io\docs\asset\Game\Lycanthorn II","True","1546440","https://store.steampowered.com/app/1546440/","Lycanthorn II - Rain of Beasts on Steam","Lycanthorn II is 3D homage to games of old. You play as Rain, a Vampire Hunter, on her quest to slay Nosferatu.","5 Dec, 2020","Scumhead","Scumhead","Adventure, Action, Open World, FPS, Female Protagonist, Retro","True",
"Machinka Museum","D:\CWP\clockworksproduction.github.io\docs\asset\Game\Machinka Museum","False",,,,,,,,,"False",
"marbel on stream","D:\CWP\clockworksproduction.github.io\docs\asset\Game\marbel on stream","False",,,,,,,,,"False",
"metal waltz","D:\CWP\clockworksproduction.github.io\docs\asset\Game\metal waltz","True","581130","https://store.steampowered.com/app/581130/","Metal Waltz: Anime tank girls on Steam","Military Strategy + RPG + Collection + Story. This is a story of the war between mankind and the tank monsters. The hope of the human relies on the girls, whose bodies have been rebuilt and combined with armor parts. All the girls are under your command. Lead your army, won the war!","19 Apr, 2017","WuL Game Studio","WuL Game Studio","Anime, Sexual Content, Nudity, Free to Play, Strategy, RPG","True",
"meteor 60 second","D:\CWP\clockworksproduction.github.io\docs\asset\Game\meteor 60 second","True","788770","https://store.steampowered.com/app/788770/","Meteor 60 Seconds! on Steam","Meteor 60 seconds! is a simple, fun, comic-like action game that simulates your life if there were a meteor heading towards Earth and you had 60 seconds to live. Do anything you want to do with your last 60 seconds, even if it's illegal! What about planting an apple tree?","26 Feb, 2018","AvoCavo","AvoCavo","Free to Play, Funny, Indie, Multiple Endings, Simulation, Casual","True",
"metro 2033","D:\CWP\clockworksproduction.github.io\docs\asset\Game\metro 2033","True","286690","https://store.steampowered.com/app/286690/","Metro 2033 Redux on Steam","In 2013 the world was devastated by an apocalyptic event, annihilating almost all mankind and turning the Earth's surface into a poisonous wasteland. A handful of survivors took refuge in the depths of the Moscow underground, and human civilization entered a new Dark Age. The year is 2033.","27 Aug, 2014","4A Games","Deep Silver","Post-apocalyptic, FPS, Atmospheric, Story Rich, Horror, Action","True",
"Moonring","D:\CWP\clockworksproduction.github.io\docs\asset\Game\Moonring","True","2373630","https://store.steampowered.com/app/2373630/","Moonring on Steam","A dark-fantasy, turn-based, retro-fusion of classic turn-based RPGs and roguelikes, all presented with a unique neon aesthetic.","28 Sep, 2023","Fluttermind, LLC","Fluttermind, LLC","RPG, Retro, Medieval, Dark Fantasy, Old School, Open World","True",
"Muck","D:\CWP\clockworksproduction.github.io\docs\asset\Game\Muck","True","1625450","https://store.steampowered.com/app/1625450/","Muck on Steam","Muck is a survival-roguelike. Collect resources, find items &amp;amp; build a base to survive for as long as you can.","5 Jun, 2021","Dani","Dani","Survival, Multiplayer, Crafting, Roguelike, Building, Open World","True",
"Nethack","D:\CWP\clockworksproduction.github.io\docs\asset\Game\Nethack","True","837200","https://store.steampowered.com/app/837200/","NetHack: Legacy on Steam","NETHACK: LEGACY is a remastered version of the original NetHack, the deeply rich and complex fantasy D&amp;amp;D roguelike. Hack and slash your way through orcs, dragons, and cockatrices as you explore the perilous procedurally-generated dungeons seeking the Amulet of Yendor.","10 Aug, 2018","FrozenCrate, LLC","FrozenCrate, LLC","Traditional Roguelike, Roguelike, Indie, Adventure, RPG, Dungeon Crawler","True",
"Night is coming","D:\CWP\clockworksproduction.github.io\docs\asset\Game\Night is coming","True","1011590","https://store.steampowered.com/app/1011590/","Night is Coming on Steam","Survival strategy game set in a world inspired by Slavic mythology and the nature of Eastern Europe. Build your settlement, protect its dwellers, and help them prepare for the coming Darkness.","14 Apr, 2025","Wild Forest Studio","101XP","Early Access, Simulation, Strategy, RTS, Survival, Singleplayer","True",
"Night of fullmoon","D:\CWP\clockworksproduction.github.io\docs\asset\Game\Night of fullmoon","False",,,,,,,,,"False",
"NUBS","D:\CWP\clockworksproduction.github.io\docs\asset\Game\NUBS","True","2337860","https://store.steampowered.com/app/2337860/","Save 50% on Nubs! Arena on Steam","As a true chaotic Nub warrior, your skills will be put to the ultimate test in a trap-filled arena. Arm yourself with a Can-o-Beanz, Burny-Hogz-Stick, or a Fish as you battle your way to the top in short fast-paced multiplayer brawls.","15 May, 2025","Rangatang","Glowfish Interactive","Multiplayer, 4 Player Local, Action, Casual, Short, 2D Fighter","True",
"once human","D:\CWP\clockworksproduction.github.io\docs\asset\Game\once human","True","2139460","https://store.steampowered.com/app/2139460/","Once Human on Steam","Once Human is a multiplayer open-world survival game set in a strange, post-apocalyptic future. Unite with friends to fight monstrous enemies, uncover secret plots, compete for resources, and build your own territory. Once, you were merely human. Now, you have the power to remake the world.","9 Jul, 2024","Starry Studio","Starry Studio","Free to Play, Survival, Open World Survival Craft, Multiplayer, Adventure, Co-op","True",
"one arm cook","D:\CWP\clockworksproduction.github.io\docs\asset\Game\one arm cook","True","413150","https://store.steampowered.com/app/413150/","Stardew Valley on Steam","You've inherited your grandfather's old farm plot in Stardew Valley. Armed with hand-me-down tools and a few coins, you set out to begin your new life. Can you learn to live off the land and turn these overgrown fields into a thriving home?","26 Feb, 2016","ConcernedApe","ConcernedApe","Farming Sim, Pixel Graphics, Multiplayer, Life Sim, RPG, Relaxing","True",
"one arm robber","D:\CWP\clockworksproduction.github.io\docs\asset\Game\one arm robber","True","2551020","https://store.steampowered.com/app/2551020/","One-armed robber on Steam","One-armed robber is a chaotic first-person heist game that centers around a uniquely challenging premise. Players take the role of a determined robber equipped with only one arm, tasked with pulling off daring heists on banks, shops, and various establishments.","15 Dec, 2023","Duhndal","Duhndal","Free to Play, Multiplayer, Co-op, Heist, Action, Simulation","True",
"One milion fatal gun","D:\CWP\clockworksproduction.github.io\docs\asset\Game\One milion fatal gun","True","8870","https://store.steampowered.com/app/8870/","BioShock Infinite on Steam","Indebted to the wrong people, with his life on the line, veteran of the U.S. Cavalry and now hired gun, Booker DeWitt has only one opportunity to wipe his slate clean. He must rescue Elizabeth, a mysterious girl imprisoned since childhood and locked up in the flying city of Columbia.",,,,"Gore","True",
"onebit adventure","D:\CWP\clockworksproduction.github.io\docs\asset\Game\onebit adventure","True","1688320","https://store.steampowered.com/app/1688320/","OneBit Adventure on Steam","OneBit Adventure is a casual turn-based roguelike where you adventure as far as possible to level up and battle against rogue monsters. Your primary goal in OneBit Adventure is to survive and loot. Choose from a variety of classes and build the ultimate class.","19 Aug, 2022","Galactic Slice, LLC","Galactic Slice, LLC","Roguelike, Dungeon Crawler, Roguelite, RPG, Turn-Based Strategy, 2D","True",
"operation harsh doorstop","D:\CWP\clockworksproduction.github.io\docs\asset\Game\operation harsh doorstop","True","950900","https://store.steampowered.com/app/950900/","Operation: Harsh Doorstop Dedicated Server on Steam",,"15 Feb, 2023",,,,"False",
"palia","D:\CWP\clockworksproduction.github.io\docs\asset\Game\palia","True","2707930","https://store.steampowered.com/app/2707930/","Palia on Steam","Discover a welcoming world in Palia, a free-to-play fantasy life sim adventure where you can craft, explore, and create the life and home of your dreams. With nearly endless ways to make Palia your home, you’ll find relaxation and joy in every corner of this vibrant, heartwarming world.","25 Mar, 2024","Singularity 6 Corporation","Singularity 6 Corporation","Free to Play, Multiplayer, Life Sim, Cozy, Farming Sim, Exploration","True",
"path master","D:\CWP\clockworksproduction.github.io\docs\asset\Game\path master","True","2017580","https://store.steampowered.com/app/2017580/","Pathmaster on Steam","『Pathmaster』 is a free fantasy visual novel with multi endings and various heroines.","23 Oct, 2022","IvoryHand","IvoryHand","Visual Novel, Casual, Free to Play, Fantasy, Indie, Story Rich","True",
"path of exile secret of atlas","D:\CWP\clockworksproduction.github.io\docs\asset\Game\path of exile secret of atlas","True","238960","https://store.steampowered.com/app/238960/","Path of Exile on Steam","You are an Exile, struggling to survive on the dark continent of Wraeclast, as you fight to earn power that will allow you to exact your revenge against those who wronged you. Path of Exile is an online Action RPG set in a dark fantasy world. The game is completely free and will never be pay-to-win.","23 Oct, 2013","Grinding Gear Games","Grinding Gear Games","Free to Play, Dark Fantasy, Action RPG, Hack and Slash, Loot, MMORPG","True",
"payday 2","D:\CWP\clockworksproduction.github.io\docs\asset\Game\payday 2","True","254260","https://store.steampowered.com/app/254260/","PAYDAY 2: The Official Soundtrack on Steam","PAYDAY 2: The Official Soundtrack is the first DLC pack and the first soundtrack for PAYDAY 2. It includes a collection of 22 MP3 tracks made by OVERKILL's celebrated composer Simon Viklund. As PAYDAY 2 grows, the official soundtrack grows with it, and new tracks are added for free.",,,,,"True",
"PEAK","D:\CWP\clockworksproduction.github.io\docs\asset\Game\PEAK","True","3527290","https://store.steampowered.com/app/3527290/","PEAK on Steam","PEAK is a co-op climbing game where the slightest mistake can spell your doom. Either solo or as a group of lost nature scouts, your only hope of rescue from a mysterious island is to scale the mountain at its center. Do you have what it takes to reach the PEAK?","16 Jun, 2025","Team PEAK","Aggro Crab","Multiplayer, Online Co-Op, Co-op, Physics, Exploration, Adventure","False",
"people playground","D:\CWP\clockworksproduction.github.io\docs\asset\Game\people playground","True","1118200","https://store.steampowered.com/app/1118200/","People Playground on Steam","Shoot, stab, burn, poison, tear, vaporise, or crush ragdolls in a large open space.","23 Jul, 2019","mestiez","Studio Minus","Sandbox, Gore, Physics, Blood, Moddable, Violent","True",
"pico park 2","D:\CWP\clockworksproduction.github.io\docs\asset\Game\pico park 2","True","2644470","https://store.steampowered.com/app/2644470/","PICO PARK 2 on Steam","PICO PARK is back with all new levels! Play with 2-8 players locally or online in this co-op action-puzzle game!","12 Sep, 2024","TECOPARK","TECOPARK","Casual, Multiplayer, Online Co-Op, Action, Co-op, Platformer","True",
"Planet Mort","D:\CWP\clockworksproduction.github.io\docs\asset\Game\Planet Mort","True","2738710","https://store.steampowered.com/app/2738710/","Planet Mort on Steam","Adapt and live","23 Jan, 2024","Pomoranian","Pomoranian","Adventure, Action, Singleplayer, Casual, Life Sim, Sci-fi","True",
"Planet S","D:\CWP\clockworksproduction.github.io\docs\asset\Game\Planet S","True","1948430","https://store.steampowered.com/app/1948430/","Planet S on Steam","Planet S is a real-time strategy game where your goal is to colonize multiple planets in a solar system to advance your civilization, build a city and supply it to grow your faction.","28 Oct, 2023","Glimmerlight Games","Glimmerlight Games","Strategy, City Builder, Multiplayer, Space, RTS, 3D","True",
"point forty five","D:\CWP\clockworksproduction.github.io\docs\asset\Game\point forty five","True","1509450","https://store.steampowered.com/app/1509450/","Elysium Above 履云录 on Steam","In SRPG Elysium Above, you will be a Commander of state Bo to direct the heroes to fight against enemies, and defend the newly restored land that has been annexed for 11 years! Wit the era of chaos and excitement with eight heroes!","15 Jul, 2023","上海泼泼猫文化传媒有限公司","上海泼泼猫文化传媒有限公司","Early Access, Turn-Based Tactics, LGBTQ+, JRPG, Anime, Visual Novel","True",
"Pumkin panic","D:\CWP\clockworksproduction.github.io\docs\asset\Game\Pumkin panic","False",,,,,,,,,"False",
"Quake II and Chapion","D:\CWP\clockworksproduction.github.io\docs\asset\Game\Quake II and Chapion","False",,,,,,,,,"False",
"Reverse 1999","D:\CWP\clockworksproduction.github.io\docs\asset\Game\Reverse 1999","True","3092660","https://store.steampowered.com/app/3092660/","Reverse: 1999 on Steam","Reverse: 1999 is a 20th Century Time-Travel Strategic RPG developed by Bluepoch. As the Timekeeper, the observer of eras, you will embark on a journey across time and space, from the Roaring '20s to the turn of the millennium, uncovering the truth about the &amp;quot;Storm&amp;quot; and the mystery of the year 1999.","8 Oct, 2024","BLUEPOCH GAMES CO., LIMITED","BLUEPOCH GAMES CO., LIMITED","RPG, Story Rich, Visual Novel, Turn-Based Combat, Strategy RPG, Lore-Rich","True",
"Rleam of mad god Exalt","D:\CWP\clockworksproduction.github.io\docs\asset\Game\Rleam of mad god Exalt","True","928960","https://store.steampowered.com/app/928960/","Save 75% on Godfall Ultimate Edition on Steam","Aperion is on the precipice of ruin. You are the last of the Valorian knights, god-like warriors able to equip Valorplates, legendary armor sets that transform wielders into unstoppable masters of melee combat. Ascend in Godfall, the first-of-its-kind, looter-slasher, melee action-RPG.","7 Apr, 2022","Counterplay Games Inc","Gearbox Publishing","Action, Action RPG, RPG, Hack and Slash, 3D, Third Person","True",
"Ruinscape","D:\CWP\clockworksproduction.github.io\docs\asset\Game\Ruinscape","True","3423720","https://store.steampowered.com/app/3423720/","Ruinscape on Steam","Dive into the mysteries of an abandoned castle, explore its ruins, and uncover treasures that reveal stories of the past. Serene medieval music sets the tone for a timeless journey through the ages.","11 Apr, 2025","MegobariGames","MegobariGames","Exploration, Collectathon, Hidden Object, Puzzle, Simulation, Visual Novel","True",
"SCP Secret Lab","D:\CWP\clockworksproduction.github.io\docs\asset\Game\SCP Secret Lab","True","2707670","https://store.steampowered.com/app/2707670/","SCP: Valravn on Steam","You never lose a war, when war is what you sell. Infiltrate the Valravn Corp. Put down the horrors in the dark. Containment is not enough.","Coming soon","Subtle Bravado Studios","CRITICAL REFLEX","Horror, Exploration, FPS, Lore-Rich, Story Rich, Psychological Horror","True",
"Shrine(1 and 2)","D:\CWP\clockworksproduction.github.io\docs\asset\Game\Shrine(1 and 2)","True","2304500","https://store.steampowered.com/app/2304500/","Hunt: Showdown 1896 - Shrine Maiden's Hell on Steam","This DLC contains one Hunter, two Weapons, and one Tool: - The Miko (Hunter) - Ochita Mozu (Hunting Bow) - Shinbatsu (Throwing Knives) - Utsusemi (Katana)...",,,,"Gore, Violent","True",
"Sim 4","D:\CWP\clockworksproduction.github.io\docs\asset\Game\Sim 4","True","2209440","https://store.steampowered.com/app/2209440/","sim4D ATC on Steam","You will act as the apron/tower controller and command the inbound/outbound operations by issuing voice commands in the virtual radio channel. The AI captain will interact with synthetic voice. Current version needs to have basic ATC knowledge, and the tutorial will be released in a later version.","31 Mar, 2023","Shanghai MT Networks Co.,Ltd.","Shanghai MT Networks Co.,Ltd.","Simulation, RPG, Sandbox, Strategy RPG, Immersive Sim, CRPG","True",
"Star birds","D:\CWP\clockworksproduction.github.io\docs\asset\Game\Star birds","True","2719750","https://store.steampowered.com/app/2719750/","Star Birds on Steam","Star Birds is a relaxing asteroid base-building and resource management game. Discover and mine countless asteroids, create production networks and guide your flock of spacefaring birds to new interstellar horizons!","10 Sep, 2025","Toukana Interactive","Toukana Interactive","Early Access, Resource Management, Colorful, Base Building, Automation, Stylized","True",
"stardew valey","D:\CWP\clockworksproduction.github.io\docs\asset\Game\stardew valey","False",,,,,,,,,"False",
"sub morse","D:\CWP\clockworksproduction.github.io\docs\asset\Game\sub morse","True","912380","https://store.steampowered.com/app/912380/","Submorse on Steam","Chill out in a submarine as you learn Morse code! Submorse is an atmospheric, first-person game that teaches you the international Morse signals.","31 Mar, 2021","Team Monumental","Team Monumental","Education, Casual, First-Person, Submarine, Singleplayer, Underwater","True",
"Such art","D:\CWP\clockworksproduction.github.io\docs\asset\Game\Such art","True","1469280","https://store.steampowered.com/app/1469280/","SuchArt: Creative Space on Steam","Paint on any surfaces with numerous tools in Creative Space — a free sandbox version of SuchArt: Genius Artist Simulator. Create masterpieces, complete commissions, and decorate your studio in the most advanced artist sim!","21 Jan, 2021","Goose Minded","HypeTrain Digital","Simulation, Free to Play, Sandbox, Singleplayer, First-Person, Realistic","True",
"Supermarket together","D:\CWP\clockworksproduction.github.io\docs\asset\Game\Supermarket together","True","2709570","https://store.steampowered.com/app/2709570/","Supermarket Together on Steam","The multiplayer supermarket has arrived to your neighbourhood for free! Stock your shop space, unlock perks and franchises, hire employees or chase those pesky shoplifters. The more players, the more action!","9 Aug, 2024","DeadDevsTellNoLies","DeadDevsTellNoLies","Simulation, Online Co-Op, Free to Play, Multiplayer, Management, Economy","True",
"supervive","D:\CWP\clockworksproduction.github.io\docs\asset\Game\supervive","True","1283700","https://store.steampowered.com/app/1283700/","SUPERVIVE on Steam","THE ACTION BATTLE ROYALE WITH ENDLESS PLAYSTYLES. Slam into all-out, multi-squad teamfights in this lethal, fast-paced brawl in the sky. Unlock gear, theorycraft builds, and bring your gamebreaking loadout into every match.","23 Jul, 2025","Theorycraft Games","Theorycraft Games","Battle Royale, MOBA, PvP, Hero Shooter, Multiplayer, Free to Play","True",
"supremacy 1914","D:\CWP\clockworksproduction.github.io\docs\asset\Game\supremacy 1914","True","979920","https://store.steampowered.com/app/979920/","Supremacy: 1914 on Steam","Take over the control of one of the mighty nations during the times of World War 1 in the biggest WW1 strategy game of all time. Conquer provinces, forge alliances and build up your economy in real-time on persistent maps. Build experimental weapons of World War 1 and become the one true superpower!","16 Jul, 2019","Bytro Labs GmbH","Bytro Labs GmbH","Strategy, Free to Play, War, Historical, World War I, Military","True",
"teku","D:\CWP\clockworksproduction.github.io\docs\asset\Game\teku","True","2660750","https://store.steampowered.com/app/2660750/","Teku on Steam","Place hexagonal tiles to form islands across a selection of varied levels. Teku is a peaceful game where the goal is to achieve the highest possible score.","14 Nov, 2023","Christophe Coyard","Christophe Coyard","Casual, Hex Grid, Relaxing, Score Attack, Minimalist, Sandbox","True",
